"checkpoint_name","timestamp","land_use","accessibility","households","persons","school_destination_size","workplace_destination_size","person_windows","school_modeled_size","workplace_modeled_size","tours","joint_tour_participants","trips","__index_level_0__"
"init",2024-09-25 16:02:15.500577000,"","","","","","","","","","","","",0
"initialize_landuse",2024-09-25 16:02:52.951687000,"initialize_landuse","initialize_landuse","","","","","","","","","","",1
"compute_accessibility",2024-09-25 16:02:54.867183000,"initialize_landuse","compute_accessibility","","","","","","","","","","",2
"initialize_households",2024-09-25 16:02:55.225809000,"initialize_landuse","compute_accessibility","initialize_households","initialize_households","initialize_households","initialize_households","initialize_households","","","","","",3
"school_location",2024-09-25 16:02:58.625981000,"initialize_landuse","compute_accessibility","initialize_households","school_location","initialize_households","initialize_households","initialize_households","school_location","","","","",4
"workplace_location",2024-09-25 16:03:02.691127000,"initialize_landuse","compute_accessibility","workplace_location","workplace_location","initialize_households","initialize_households","initialize_households","school_location","workplace_location","","","",5
"auto_ownership_simulate",2024-09-25 16:03:02.921748000,"initialize_landuse","compute_accessibility","auto_ownership_simulate","workplace_location","initialize_households","initialize_households","initialize_households","school_location","workplace_location","","","",6
"free_parking",2024-09-25 16:03:02.987376000,"initialize_landuse","compute_accessibility","auto_ownership_simulate","free_parking","initialize_households","initialize_households","initialize_households","school_location","workplace_location","","","",7
"cdap_simulate",2024-09-25 16:03:05.083706000,"initialize_landuse","compute_accessibility","cdap_simulate","cdap_simulate","initialize_households","initialize_households","initialize_households","school_location","workplace_location","","","",8
"mandatory_tour_frequency",2024-09-25 16:03:05.321055000,"initialize_landuse","compute_accessibility","cdap_simulate","mandatory_tour_frequency","initialize_households","initialize_households","initialize_households","school_location","workplace_location","mandatory_tour_frequency","","",9
"mandatory_tour_scheduling",2024-09-25 16:03:17.984408000,"initialize_landuse","compute_accessibility","cdap_simulate","mandatory_tour_frequency","initialize_households","initialize_households","mandatory_tour_scheduling","school_location","workplace_location","mandatory_tour_scheduling","","",10
"joint_tour_frequency",2024-09-25 16:03:18.160568000,"initialize_landuse","compute_accessibility","joint_tour_frequency","mandatory_tour_frequency","initialize_households","initialize_households","mandatory_tour_scheduling","school_location","workplace_location","joint_tour_frequency","","",11
"joint_tour_composition",2024-09-25 16:03:18.239183000,"initialize_landuse","compute_accessibility","joint_tour_frequency","mandatory_tour_frequency","initialize_households","initialize_households","mandatory_tour_scheduling","school_location","workplace_location","joint_tour_composition","","",12
"joint_tour_participation",2024-09-25 16:03:18.404494000,"initialize_landuse","compute_accessibility","joint_tour_frequency","joint_tour_participation","initialize_households","initialize_households","mandatory_tour_scheduling","school_location","workplace_location","joint_tour_participation","joint_tour_participation","",13
"joint_tour_destination",2024-09-25 16:03:19.448568000,"initialize_landuse","compute_accessibility","joint_tour_frequency","joint_tour_participation","initialize_households","initialize_households","mandatory_tour_scheduling","school_location","workplace_location","joint_tour_destination","joint_tour_participation","",14
"joint_tour_scheduling",2024-09-25 16:03:20.050807000,"initialize_landuse","compute_accessibility","joint_tour_frequency","joint_tour_participation","initialize_households","initialize_households","joint_tour_scheduling","school_location","workplace_location","joint_tour_scheduling","joint_tour_participation","",15
"non_mandatory_tour_frequency",2024-09-25 16:03:20.941505000,"initialize_landuse","compute_accessibility","joint_tour_frequency","non_mandatory_tour_frequency","initialize_households","initialize_households","joint_tour_scheduling","school_location","workplace_location","non_mandatory_tour_frequency","joint_tour_participation","",16
"non_mandatory_tour_destination",2024-09-25 16:03:22.638304000,"initialize_landuse","compute_accessibility","joint_tour_frequency","non_mandatory_tour_frequency","initialize_households","initialize_households","joint_tour_scheduling","school_location","workplace_location","non_mandatory_tour_destination","joint_tour_participation","",17
"non_mandatory_tour_scheduling",2024-09-25 16:03:26.968569000,"initialize_landuse","compute_accessibility","joint_tour_frequency","non_mandatory_tour_frequency","initialize_households","initialize_households","non_mandatory_tour_scheduling","school_location","workplace_location","non_mandatory_tour_scheduling","joint_tour_participation","",18
"tour_mode_choice_simulate",2024-09-25 16:03:28.768637000,"initialize_landuse","compute_accessibility","joint_tour_frequency","non_mandatory_tour_frequency","initialize_households","initialize_households","non_mandatory_tour_scheduling","school_location","workplace_location","tour_mode_choice_simulate","joint_tour_participation","",19
"atwork_subtour_frequency",2024-09-25 16:03:28.894491000,"initialize_landuse","compute_accessibility","joint_tour_frequency","non_mandatory_tour_frequency","initialize_households","initialize_households","non_mandatory_tour_scheduling","school_location","workplace_location","atwork_subtour_frequency","joint_tour_participation","",20
"atwork_subtour_destination",2024-09-25 16:03:29.468982000,"initialize_landuse","compute_accessibility","joint_tour_frequency","non_mandatory_tour_frequency","initialize_households","initialize_households","non_mandatory_tour_scheduling","school_location","workplace_location","atwork_subtour_destination","joint_tour_participation","",21
"atwork_subtour_scheduling",2024-09-25 16:03:30.009079000,"initialize_landuse","compute_accessibility","joint_tour_frequency","non_mandatory_tour_frequency","initialize_households","initialize_households","non_mandatory_tour_scheduling","school_location","workplace_location","atwork_subtour_scheduling","joint_tour_participation","",22
"atwork_subtour_mode_choice",2024-09-25 16:03:30.328250000,"initialize_landuse","compute_accessibility","joint_tour_frequency","non_mandatory_tour_frequency","initialize_households","initialize_households","non_mandatory_tour_scheduling","school_location","workplace_location","atwork_subtour_mode_choice","joint_tour_participation","",23
"stop_frequency",2024-09-25 16:03:30.674238000,"initialize_landuse","compute_accessibility","joint_tour_frequency","non_mandatory_tour_frequency","initialize_households","initialize_households","non_mandatory_tour_scheduling","school_location","workplace_location","stop_frequency","joint_tour_participation","stop_frequency",24
"trip_purpose",2024-09-25 16:03:30.741237000,"initialize_landuse","compute_accessibility","joint_tour_frequency","non_mandatory_tour_frequency","initialize_households","initialize_households","non_mandatory_tour_scheduling","school_location","workplace_location","stop_frequency","joint_tour_participation","trip_purpose",25
"trip_destination",2024-09-25 16:04:17.814265000,"initialize_landuse","compute_accessibility","joint_tour_frequency","non_mandatory_tour_frequency","initialize_households","initialize_households","non_mandatory_tour_scheduling","school_location","workplace_location","stop_frequency","joint_tour_participation","trip_destination",26
"trip_purpose_and_destination",2024-09-25 16:04:17.857886000,"initialize_landuse","compute_accessibility","joint_tour_frequency","non_mandatory_tour_frequency","initialize_households","initialize_households","non_mandatory_tour_scheduling","school_location","workplace_location","stop_frequency","joint_tour_participation","trip_purpose_and_destination",27
"trip_scheduling_choice",2024-09-25 16:04:18.305487000,"initialize_landuse","compute_accessibility","joint_tour_frequency","non_mandatory_tour_frequency","initialize_households","initialize_households","non_mandatory_tour_scheduling","school_location","workplace_location","trip_scheduling_choice","joint_tour_participation","trip_purpose_and_destination",28
"trip_departure_choice",2024-09-25 16:04:18.563438000,"initialize_landuse","compute_accessibility","joint_tour_frequency","non_mandatory_tour_frequency","initialize_households","initialize_households","non_mandatory_tour_scheduling","school_location","workplace_location","trip_scheduling_choice","joint_tour_participation","trip_departure_choice",29
"trip_mode_choice",2024-09-25 16:04:20.089704000,"initialize_landuse","compute_accessibility","joint_tour_frequency","non_mandatory_tour_frequency","initialize_households","initialize_households","non_mandatory_tour_scheduling","school_location","workplace_location","trip_scheduling_choice","joint_tour_participation","trip_mode_choice",30
"parking_location",2024-09-25 16:04:20.292358000,"initialize_landuse","compute_accessibility","joint_tour_frequency","non_mandatory_tour_frequency","initialize_households","initialize_households","non_mandatory_tour_scheduling","school_location","workplace_location","trip_scheduling_choice","joint_tour_participation","parking_location",31
"write_data_dictionary",2024-09-25 16:04:20.462043000,"initialize_landuse","compute_accessibility","joint_tour_frequency","non_mandatory_tour_frequency","initialize_households","initialize_households","non_mandatory_tour_scheduling","school_location","workplace_location","trip_scheduling_choice","joint_tour_participation","parking_location",32
"track_skim_usage",2024-09-25 16:04:20.500290000,"initialize_landuse","compute_accessibility","joint_tour_frequency","non_mandatory_tour_frequency","initialize_households","initialize_households","non_mandatory_tour_scheduling","school_location","workplace_location","trip_scheduling_choice","joint_tour_participation","parking_location",33
"write_trip_matrices",2024-09-25 16:04:21.746827000,"initialize_landuse","compute_accessibility","joint_tour_frequency","non_mandatory_tour_frequency","initialize_households","initialize_households","non_mandatory_tour_scheduling","school_location","workplace_location","trip_scheduling_choice","joint_tour_participation","parking_location",34
