"checkpoint_name","timestamp","land_use","accessibility","households","persons","school_destination_size","workplace_destination_size","person_windows","school_modeled_size","workplace_modeled_size","tours","joint_tour_participants","trips","__index_level_0__"
"init",2024-09-20 16:03:31.450376000,"","","","","","","","","","","","",0
"initialize_landuse",2024-09-20 16:03:31.753310000,"initialize_landuse","initialize_landuse","","","","","","","","","","",1
"mp_initialize_landuse",2024-09-20 16:03:31.763823000,"initialize_landuse","initialize_landuse","","","","","","","","","","",2
"mp_accessibility",2024-09-20 16:03:37.331371000,"mp_accessibility","mp_accessibility","","","","","","","","","","",3
"initialize_households",2024-09-20 16:03:39.096195000,"initialize_households","initialize_households","initialize_households","initialize_households","initialize_households","initialize_households","initialize_households","","","","","",4
"mp_initialize_households",2024-09-20 16:03:39.129989000,"initialize_households","initialize_households","initialize_households","initialize_households","initialize_households","initialize_households","initialize_households","","","","","",5
"mp_households",2024-09-20 16:06:23.370566000,"mp_households","mp_households","mp_households","mp_households","mp_households","mp_households","mp_households","mp_households","mp_households","mp_households","mp_households","mp_households",6
"write_trip_matrices",2024-09-20 16:06:26.454466000,"write_trip_matrices","write_trip_matrices","write_trip_matrices","write_trip_matrices","write_trip_matrices","write_trip_matrices","write_trip_matrices","write_trip_matrices","write_trip_matrices","write_trip_matrices","write_trip_matrices","write_trip_matrices",7
