process_name,model_name,seconds,minutes,notes
MainProcess,mp_setup_skims,6.2,0.1,
mp_initialize_landuse,initialize_landuse,0.3,0.0,
MainProcess,mp_accessibility_apportion,1.1,0.0,
mp_accessibility_0,compute_accessibility,2.3,0.0,
MainProcess,mp_accessibility_coalesce,1.1,0.0,
mp_initialize_households,initialize_households,0.7,0.0,
MainProcess,mp_households_apportion,1.1,0.0,
mp_households_0,school_location,8.9,0.1,
mp_households_0,workplace_location,8.7,0.1,
mp_households_0,auto_ownership_simulate,0.5,0.0,
mp_households_0,free_parking,0.1,0.0,
mp_households_0,cdap_simulate,4.1,0.1,
mp_households_0,mandatory_tour_frequency,0.2,0.0,
mp_households_0,mandatory_tour_scheduling,17.2,0.3,
mp_households_0,joint_tour_frequency,0.3,0.0,
mp_households_0,joint_tour_composition,0.2,0.0,
mp_households_0,joint_tour_participation,0.3,0.0,
mp_households_0,joint_tour_destination,2.4,0.0,
mp_households_0,joint_tour_scheduling,1.2,0.0,
mp_households_0,non_mandatory_tour_frequency,1.3,0.0,
mp_households_0,non_mandatory_tour_destination,3.0,0.0,
mp_households_0,non_mandatory_tour_scheduling,7.5,0.1,
mp_households_0,tour_mode_choice_simulate,3.6,0.1,
mp_households_0,atwork_subtour_frequency,0.2,0.0,
mp_households_0,atwork_subtour_destination,0.7,0.0,
mp_households_0,atwork_subtour_scheduling,0.4,0.0,
mp_households_0,atwork_subtour_mode_choice,0.5,0.0,
mp_households_0,stop_frequency,0.6,0.0,
mp_households_0,trip_purpose,0.2,0.0,
mp_households_0,trip_destination,94.7,1.6,
mp_households_0,trip_purpose_and_destination,0.1,0.0,
mp_households_0,trip_scheduling_choice,0.5,0.0,
mp_households_0,trip_departure_choice,0.4,0.0,
mp_households_0,trip_mode_choice,2.9,0.0,
mp_households_0,parking_location,0.4,0.0,
mp_households_0,write_data_dictionary,0.4,0.0,
mp_households_0,track_skim_usage,0.1,0.0,
MainProcess,mp_households_coalesce,1.1,0.0,
mp_summarize,write_trip_matrices,2.2,0.0,
mp_summarize,write_tables,0.1,0.0,
